timestamp,gun_id,rank,point
1765139625.3670712,1001,1,0
1765139625.3670712,1008,2,0
1765139625.3670712,1009,3,0
1765139625.3670712,1013,4,0
1765139625.3670712,1015,5,0
1765139625.3670712,1017,6,0
1765139625.3670712,1021,7,0
1765139625.3670712,1022,8,0
1765139625.3670712,1023,9,0
1765139625.3670712,1024,10,0
1765139625.3670712,1025,11,0
1765139625.3670712,1026,12,0
1765139625.3670712,1027,13,0
1765139625.3670712,1028,14,0
1765139625.3670712,1029,15,0
1765139625.3670712,1032,16,0
1765139625.3670712,1033,17,0
1765139625.3670712,1034,18,0
1765139625.3670712,1035,19,0
1765139625.3670712,1036,20,0
1765139625.3670712,1037,21,0
1765139625.3670712,1038,22,0
1765139625.3670712,1039,23,0
1765139625.3670712,1040,24,0
1765139625.3670712,1041,25,0
1765139625.3670712,1042,26,0
1765139625.3670712,1043,27,0
1765139625.3670712,1044,28,0
1765139625.3670712,1045,29,0
1765139625.3670712,1047,30,0
1765139625.3670712,1048,31,0
1765139625.3670712,1050,32,0
1765139625.3670712,1051,33,0
1765139625.3670712,1052,34,0
1765139625.3670712,1053,35,0
1765139625.3670712,1054,36,0
1765139625.3670712,1055,37,0
1765139625.3670712,1056,38,0
1765139625.3670712,1057,39,0
1765139625.3670712,1059,40,0
1765139625.3670712,1064,41,0
1765143667.5346503,1001,1,0
1765143667.5346503,1008,2,0
1765143667.5346503,1009,3,0
1765143667.5346503,1013,4,0
1765143667.5346503,1015,5,0
1765143667.5346503,1017,6,0
1765143667.5346503,1021,7,0
1765143667.5346503,1022,8,0
1765143667.5346503,1023,9,0
1765143667.5346503,1024,10,0
1765143667.5346503,1025,11,0
1765143667.5346503,1026,12,0
1765143667.5346503,1027,13,0
1765143667.5346503,1028,14,0
1765143667.5346503,1029,15,0
1765143667.5346503,1032,16,0
1765143667.5346503,1033,17,0
1765143667.5346503,1034,18,0
1765143667.5346503,1035,19,0
1765143667.5346503,1036,20,0
1765143667.5346503,1037,21,0
1765143667.5346503,1038,22,0
1765143667.5346503,1039,23,0
1765143667.5346503,1040,24,0
1765143667.5346503,1041,25,0
1765143667.5346503,1042,26,0
1765143667.5346503,1043,27,0
1765143667.5346503,1044,28,0
1765143667.5346503,1045,29,0
1765143667.5346503,1047,30,0
1765143667.5346503,1048,31,0
1765143667.5346503,1050,32,0
1765143667.5346503,1051,33,0
1765143667.5346503,1052,34,0
1765143667.5346503,1053,35,0
1765143667.5346503,1054,36,0
1765143667.5346503,1055,37,0
1765143667.5346503,1056,38,0
1765143667.5346503,1057,39,0
1765143667.5346503,1059,40,0
1765143667.5346503,1064,41,0
1765147450.6098592,1001,1,0
1765147450.6098592,1008,2,0
1765147450.6098592,1009,3,0
1765147450.6098592,1013,4,0
1765147450.6098592,1015,5,0
1765147450.6098592,1017,6,0
1765147450.6098592,1021,7,0
1765147450.6098592,1022,8,0
1765147450.6098592,1023,9,0
1765147450.6098592,1024,10,0
1765147450.6098592,1025,11,0
1765147450.6098592,1026,12,0
1765147450.6098592,1027,13,0
1765147450.6098592,1028,14,0
1765147450.6098592,1029,15,0
1765147450.6098592,1032,16,0
1765147450.6098592,1033,17,0
1765147450.6098592,1034,18,0
1765147450.6098592,1035,19,0
1765147450.6098592,1036,20,0
1765147450.6098592,1037,21,0
1765147450.6098592,1038,22,0
1765147450.6098592,1039,23,0
1765147450.6098592,1040,24,0
1765147450.6098592,1041,25,0
1765147450.6098592,1042,26,0
1765147450.6098592,1043,27,0
1765147450.6098592,1044,28,0
1765147450.6098592,1045,29,0
1765147450.6098592,1047,30,0
1765147450.6098592,1048,31,0
1765147450.6098592,1050,32,0
1765147450.6098592,1051,33,0
1765147450.6098592,1052,34,0
1765147450.6098592,1053,35,0
1765147450.6098592,1054,36,0
1765147450.6098592,1055,37,0
1765147450.6098592,1056,38,0
1765147450.6098592,1057,39,0
1765147450.6098592,1059,40,0
1765147450.6098592,1064,41,0
1765150967.181012,1001,1,0
1765150967.181012,1008,2,0
1765150967.181012,1009,3,0
1765150967.181012,1013,4,0
1765150967.181012,1015,5,0
1765150967.181012,1017,6,0
1765150967.181012,1021,7,0
1765150967.181012,1022,8,0
1765150967.181012,1023,9,0
1765150967.181012,1024,10,0
1765150967.181012,1025,11,0
1765150967.181012,1026,12,0
1765150967.181012,1027,13,0
1765150967.181012,1028,14,0
1765150967.181012,1029,15,0
1765150967.181012,1032,16,0
1765150967.181012,1033,17,0
1765150967.181012,1034,18,0
1765150967.181012,1035,19,0
1765150967.181012,1036,20,0
1765150967.181012,1037,21,0
1765150967.181012,1038,22,0
1765150967.181012,1039,23,0
1765150967.181012,1040,24,0
1765150967.181012,1041,25,0
1765150967.181012,1042,26,0
1765150967.181012,1043,27,0
1765150967.181012,1044,28,0
1765150967.181012,1045,29,0
1765150967.181012,1047,30,0
1765150967.181012,1048,31,0
1765150967.181012,1050,32,0
1765150967.181012,1051,33,0
1765150967.181012,1052,34,0
1765150967.181012,1053,35,0
1765150967.181012,1054,36,0
1765150967.181012,1055,37,0
1765150967.181012,1056,38,0
1765150967.181012,1057,39,0
1765150967.181012,1059,40,0
1765150967.181012,1064,41,0
1765157581.5892005,1001,1,0
1765157581.5892005,1008,2,0
1765157581.5892005,1009,3,0
1765157581.5892005,1013,4,0
1765157581.5892005,1015,5,0
1765157581.5892005,1017,6,0
1765157581.5892005,1021,7,0
1765157581.5892005,1022,8,0
1765157581.5892005,1023,9,0
1765157581.5892005,1024,10,0
1765157581.5892005,1025,11,0
1765157581.5892005,1026,12,0
1765157581.5892005,1027,13,0
1765157581.5892005,1028,14,0
1765157581.5892005,1029,15,0
1765157581.5892005,1032,16,0
1765157581.5892005,1033,17,0
1765157581.5892005,1034,18,0
1765157581.5892005,1035,19,0
1765157581.5892005,1036,20,0
1765157581.5892005,1037,21,0
1765157581.5892005,1038,22,0
1765157581.5892005,1039,23,0
1765157581.5892005,1040,24,0
1765157581.5892005,1041,25,0
1765157581.5892005,1042,26,0
1765157581.5892005,1043,27,0
1765157581.5892005,1044,28,0
1765157581.5892005,1045,29,0
1765157581.5892005,1047,30,0
1765157581.5892005,1048,31,0
1765157581.5892005,1050,32,0
1765157581.5892005,1051,33,0
1765157581.5892005,1052,34,0
1765157581.5892005,1053,35,0
1765157581.5892005,1054,36,0
1765157581.5892005,1055,37,0
1765157581.5892005,1056,38,0
1765157581.5892005,1057,39,0
1765157581.5892005,1059,40,0
1765157581.5892005,1064,41,0
1765160780.1385958,1001,1,0
1765160780.1385958,1008,2,0
1765160780.1385958,1009,3,0
1765160780.1385958,1013,4,0
1765160780.1385958,1015,5,0
1765160780.1385958,1017,6,0
1765160780.1385958,1021,7,0
1765160780.1385958,1022,8,0
1765160780.1385958,1023,9,0
1765160780.1385958,1024,10,0
1765160780.1385958,1025,11,0
1765160780.1385958,1026,12,0
1765160780.1385958,1027,13,0
1765160780.1385958,1028,14,0
1765160780.1385958,1029,15,0
1765160780.1385958,1032,16,0
1765160780.1385958,1033,17,0
1765160780.1385958,1034,18,0
1765160780.1385958,1035,19,0
1765160780.1385958,1036,20,0
1765160780.1385958,1037,21,0
1765160780.1385958,1038,22,0
1765160780.1385958,1039,23,0
1765160780.1385958,1040,24,0
1765160780.1385958,1041,25,0
1765160780.1385958,1042,26,0
1765160780.1385958,1043,27,0
1765160780.1385958,1044,28,0
1765160780.1385958,1045,29,0
1765160780.1385958,1047,30,0
1765160780.1385958,1048,31,0
1765160780.1385958,1050,32,0
1765160780.1385958,1051,33,0
1765160780.1385958,1052,34,0
1765160780.1385958,1053,35,0
1765160780.1385958,1054,36,0
1765160780.1385958,1055,37,0
1765160780.1385958,1056,38,0
1765160780.1385958,1057,39,0
1765160780.1385958,1059,40,0
1765160780.1385958,1064,41,0
1765165484.723918,1001,1,0
1765165484.723918,1008,2,0
1765165484.723918,1009,3,0
1765165484.723918,1013,4,0
1765165484.723918,1015,5,0
1765165484.723918,1017,6,0
1765165484.723918,1021,7,0
1765165484.723918,1022,8,0
1765165484.723918,1023,9,0
1765165484.723918,1024,10,0
1765165484.723918,1025,11,0
1765165484.723918,1026,12,0
1765165484.723918,1027,13,0
1765165484.723918,1028,14,0
1765165484.723918,1029,15,0
1765165484.723918,1032,16,0
1765165484.723918,1033,17,0
1765165484.723918,1034,18,0
1765165484.723918,1035,19,0
1765165484.723918,1036,20,0
1765165484.723918,1037,21,0
1765165484.723918,1038,22,0
1765165484.723918,1039,23,0
1765165484.723918,1040,24,0
1765165484.723918,1041,25,0
1765165484.723918,1042,26,0
1765165484.723918,1043,27,0
1765165484.723918,1044,28,0
1765165484.723918,1045,29,0
1765165484.723918,1047,30,0
1765165484.723918,1048,31,0
1765165484.723918,1050,32,0
1765165484.723918,1051,33,0
1765165484.723918,1052,34,0
1765165484.723918,1053,35,0
1765165484.723918,1054,36,0
1765165484.723918,1055,37,0
1765165484.723918,1056,38,0
1765165484.723918,1057,39,0
1765165484.723918,1059,40,0
1765165484.723918,1064,41,0
1765169752.437622,1001,1,0
1765169752.437622,1008,2,0
1765169752.437622,1009,3,0
1765169752.437622,1013,4,0
1765169752.437622,1015,5,0
1765169752.437622,1017,6,0
1765169752.437622,1021,7,0
1765169752.437622,1022,8,0
1765169752.437622,1023,9,0
1765169752.437622,1024,10,0
1765169752.437622,1025,11,0
1765169752.437622,1026,12,0
1765169752.437622,1027,13,0
1765169752.437622,1028,14,0
1765169752.437622,1029,15,0
1765169752.437622,1032,16,0
1765169752.437622,1033,17,0
1765169752.437622,1034,18,0
1765169752.437622,1035,19,0
1765169752.437622,1036,20,0
1765169752.437622,1037,21,0
1765169752.437622,1038,22,0
1765169752.437622,1039,23,0
1765169752.437622,1040,24,0
1765169752.437622,1041,25,0
1765169752.437622,1042,26,0
1765169752.437622,1043,27,0
1765169752.437622,1044,28,0
1765169752.437622,1045,29,0
1765169752.437622,1047,30,0
1765169752.437622,1048,31,0
1765169752.437622,1050,32,0
1765169752.437622,1051,33,0
1765169752.437622,1052,34,0
1765169752.437622,1053,35,0
1765169752.437622,1054,36,0
1765169752.437622,1055,37,0
1765169752.437622,1056,38,0
1765169752.437622,1057,39,0
1765169752.437622,1059,40,0
1765169752.437622,1064,41,0
1765172917.69054,1001,1,0
1765172917.69054,1008,2,0
1765172917.69054,1009,3,0
1765172917.69054,1013,4,0
1765172917.69054,1015,5,0
1765172917.69054,1017,6,0
1765172917.69054,1021,7,0
1765172917.69054,1022,8,0
1765172917.69054,1023,9,0
1765172917.69054,1024,10,0
1765172917.69054,1025,11,0
1765172917.69054,1026,12,0
1765172917.69054,1027,13,0
1765172917.69054,1028,14,0
1765172917.69054,1029,15,0
1765172917.69054,1032,16,0
1765172917.69054,1033,17,0
1765172917.69054,1034,18,0
1765172917.69054,1035,19,0
1765172917.69054,1036,20,0
1765172917.69054,1037,21,0
1765172917.69054,1038,22,0
1765172917.69054,1039,23,0
1765172917.69054,1040,24,0
1765172917.69054,1041,25,0
1765172917.69054,1042,26,0
1765172917.69054,1043,27,0
1765172917.69054,1044,28,0
1765172917.69054,1045,29,0
1765172917.69054,1047,30,0
1765172917.69054,1048,31,0
1765172917.69054,1050,32,0
1765172917.69054,1051,33,0
1765172917.69054,1052,34,0
1765172917.69054,1053,35,0
1765172917.69054,1054,36,0
1765172917.69054,1055,37,0
1765172917.69054,1056,38,0
1765172917.69054,1057,39,0
1765172917.69054,1059,40,0
1765172917.69054,1064,41,0
1765177119.6205342,1001,1,0
1765177119.6205342,1008,2,0
1765177119.6205342,1009,3,0
1765177119.6205342,1013,4,0
1765177119.6205342,1015,5,0
1765177119.6205342,1017,6,0
1765177119.6205342,1021,7,0
1765177119.6205342,1022,8,0
1765177119.6205342,1023,9,0
1765177119.6205342,1024,10,0
1765177119.6205342,1025,11,0
1765177119.6205342,1026,12,0
1765177119.6205342,1027,13,0
1765177119.6205342,1028,14,0
1765177119.6205342,1029,15,0
1765177119.6205342,1032,16,0
1765177119.6205342,1033,17,0
1765177119.6205342,1034,18,0
1765177119.6205342,1035,19,0
1765177119.6205342,1036,20,0
1765177119.6205342,1037,21,0
1765177119.6205342,1038,22,0
1765177119.6205342,1039,23,0
1765177119.6205342,1040,24,0
1765177119.6205342,1041,25,0
1765177119.6205342,1042,26,0
1765177119.6205342,1043,27,0
1765177119.6205342,1044,28,0
1765177119.6205342,1045,29,0
1765177119.6205342,1047,30,0
1765177119.6205342,1048,31,0
1765177119.6205342,1050,32,0
1765177119.6205342,1051,33,0
1765177119.6205342,1052,34,0
1765177119.6205342,1053,35,0
1765177119.6205342,1054,36,0
1765177119.6205342,1055,37,0
1765177119.6205342,1056,38,0
1765177119.6205342,1057,39,0
1765177119.6205342,1059,40,0
1765177119.6205342,1064,41,0
1765179974.7247024,1001,1,0
1765179974.7247024,1008,2,0
1765179974.7247024,1009,3,0
1765179974.7247024,1013,4,0
1765179974.7247024,1015,5,0
1765179974.7247024,1017,6,0
1765179974.7247024,1021,7,0
1765179974.7247024,1022,8,0
1765179974.7247024,1023,9,0
1765179974.7247024,1024,10,0
1765179974.7247024,1025,11,0
1765179974.7247024,1026,12,0
1765179974.7247024,1027,13,0
1765179974.7247024,1028,14,0
1765179974.7247024,1029,15,0
1765179974.7247024,1032,16,0
1765179974.7247024,1033,17,0
1765179974.7247024,1034,18,0
1765179974.7247024,1035,19,0
1765179974.7247024,1036,20,0
1765179974.7247024,1037,21,0
1765179974.7247024,1038,22,0
1765179974.7247024,1039,23,0
1765179974.7247024,1040,24,0
1765179974.7247024,1041,25,0
1765179974.7247024,1042,26,0
1765179974.7247024,1043,27,0
1765179974.7247024,1044,28,0
1765179974.7247024,1045,29,0
1765179974.7247024,1047,30,0
1765179974.7247024,1048,31,0
1765179974.7247024,1050,32,0
1765179974.7247024,1051,33,0
1765179974.7247024,1052,34,0
1765179974.7247024,1053,35,0
1765179974.7247024,1054,36,0
1765179974.7247024,1055,37,0
1765179974.7247024,1056,38,0
1765179974.7247024,1057,39,0
1765179974.7247024,1059,40,0
1765179974.7247024,1064,41,0
1765184185.7187886,1001,1,0
1765184185.7187886,1008,2,0
1765184185.7187886,1009,3,0
1765184185.7187886,1013,4,0
1765184185.7187886,1015,5,0
1765184185.7187886,1017,6,0
1765184185.7187886,1021,7,0
1765184185.7187886,1022,8,0
1765184185.7187886,1023,9,0
1765184185.7187886,1024,10,0
1765184185.7187886,1025,11,0
1765184185.7187886,1026,12,0
1765184185.7187886,1027,13,0
1765184185.7187886,1028,14,0
1765184185.7187886,1029,15,0
1765184185.7187886,1032,16,0
1765184185.7187886,1033,17,0
1765184185.7187886,1034,18,0
1765184185.7187886,1035,19,0
1765184185.7187886,1036,20,0
1765184185.7187886,1037,21,0
1765184185.7187886,1038,22,0
1765184185.7187886,1039,23,0
1765184185.7187886,1040,24,0
1765184185.7187886,1041,25,0
1765184185.7187886,1042,26,0
1765184185.7187886,1043,27,0
1765184185.7187886,1044,28,0
1765184185.7187886,1045,29,0
1765184185.7187886,1047,30,0
1765184185.7187886,1048,31,0
1765184185.7187886,1050,32,0
1765184185.7187886,1051,33,0
1765184185.7187886,1052,34,0
1765184185.7187886,1053,35,0
1765184185.7187886,1054,36,0
1765184185.7187886,1055,37,0
1765184185.7187886,1056,38,0
1765184185.7187886,1057,39,0
1765184185.7187886,1059,40,0
1765184185.7187886,1064,41,0
1765187520.5525036,1001,1,0
1765187520.5525036,1008,2,0
1765187520.5525036,1009,3,0
1765187520.5525036,1013,4,0
1765187520.5525036,1015,5,0
1765187520.5525036,1017,6,0
1765187520.5525036,1021,7,0
1765187520.5525036,1022,8,0
1765187520.5525036,1023,9,0
1765187520.5525036,1024,10,0
1765187520.5525036,1025,11,0
1765187520.5525036,1026,12,0
1765187520.5525036,1027,13,0
1765187520.5525036,1028,14,0
1765187520.5525036,1029,15,0
1765187520.5525036,1032,16,0
1765187520.5525036,1033,17,0
1765187520.5525036,1034,18,0
1765187520.5525036,1035,19,0
1765187520.5525036,1036,20,0
1765187520.5525036,1037,21,0
1765187520.5525036,1038,22,0
1765187520.5525036,1039,23,0
1765187520.5525036,1040,24,0
1765187520.5525036,1041,25,0
1765187520.5525036,1042,26,0
1765187520.5525036,1043,27,0
1765187520.5525036,1044,28,0
1765187520.5525036,1045,29,0
1765187520.5525036,1047,30,0
1765187520.5525036,1048,31,0
1765187520.5525036,1050,32,0
1765187520.5525036,1051,33,0
1765187520.5525036,1052,34,0
1765187520.5525036,1053,35,0
1765187520.5525036,1054,36,0
1765187520.5525036,1055,37,0
1765187520.5525036,1056,38,0
1765187520.5525036,1057,39,0
1765187520.5525036,1059,40,0
1765187520.5525036,1064,41,0
1765191096.625609,1001,1,0
1765191096.625609,1008,2,0
1765191096.625609,1009,3,0
1765191096.625609,1013,4,0
1765191096.625609,1015,5,0
1765191096.625609,1017,6,0
1765191096.625609,1021,7,0
1765191096.625609,1022,8,0
1765191096.625609,1023,9,0
1765191096.625609,1024,10,0
1765191096.625609,1025,11,0
1765191096.625609,1026,12,0
1765191096.625609,1027,13,0
1765191096.625609,1028,14,0
1765191096.625609,1029,15,0
1765191096.625609,1032,16,0
1765191096.625609,1033,17,0
1765191096.625609,1034,18,0
1765191096.625609,1035,19,0
1765191096.625609,1036,20,0
1765191096.625609,1037,21,0
1765191096.625609,1038,22,0
1765191096.625609,1039,23,0
1765191096.625609,1040,24,0
1765191096.625609,1041,25,0
1765191096.625609,1042,26,0
1765191096.625609,1043,27,0
1765191096.625609,1044,28,0
1765191096.625609,1045,29,0
1765191096.625609,1047,30,0
1765191096.625609,1048,31,0
1765191096.625609,1050,32,0
1765191096.625609,1051,33,0
1765191096.625609,1052,34,0
1765191096.625609,1053,35,0
1765191096.625609,1054,36,0
1765191096.625609,1055,37,0
1765191096.625609,1056,38,0
1765191096.625609,1057,39,0
1765191096.625609,1059,40,0
1765191096.625609,1064,41,0
1765194292.4956203,1001,1,0
1765194292.4956203,1008,2,0
1765194292.4956203,1009,3,0
1765194292.4956203,1013,4,0
1765194292.4956203,1015,5,0
1765194292.4956203,1017,6,0
1765194292.4956203,1021,7,0
1765194292.4956203,1022,8,0
1765194292.4956203,1023,9,0
1765194292.4956203,1024,10,0
1765194292.4956203,1025,11,0
1765194292.4956203,1026,12,0
1765194292.4956203,1027,13,0
1765194292.4956203,1028,14,0
1765194292.4956203,1029,15,0
1765194292.4956203,1032,16,0
1765194292.4956203,1033,17,0
1765194292.4956203,1034,18,0
1765194292.4956203,1035,19,0
1765194292.4956203,1036,20,0
1765194292.4956203,1037,21,0
1765194292.4956203,1038,22,0
1765194292.4956203,1039,23,0
1765194292.4956203,1040,24,0
1765194292.4956203,1041,25,0
1765194292.4956203,1042,26,0
1765194292.4956203,1043,27,0
1765194292.4956203,1044,28,0
1765194292.4956203,1045,29,0
1765194292.4956203,1047,30,0
1765194292.4956203,1048,31,0
1765194292.4956203,1050,32,0
1765194292.4956203,1051,33,0
1765194292.4956203,1052,34,0
1765194292.4956203,1053,35,0
1765194292.4956203,1054,36,0
1765194292.4956203,1055,37,0
1765194292.4956203,1056,38,0
1765194292.4956203,1057,39,0
1765194292.4956203,1059,40,0
1765194292.4956203,1064,41,0
1765199968.21931,1001,1,0
1765199968.21931,1008,2,0
1765199968.21931,1009,3,0
1765199968.21931,1013,4,0
1765199968.21931,1015,5,0
1765199968.21931,1017,6,0
1765199968.21931,1021,7,0
1765199968.21931,1022,8,0
1765199968.21931,1023,9,0
1765199968.21931,1024,10,0
1765199968.21931,1025,11,0
1765199968.21931,1026,12,0
1765199968.21931,1027,13,0
1765199968.21931,1028,14,0
1765199968.21931,1029,15,0
1765199968.21931,1032,16,0
1765199968.21931,1033,17,0
1765199968.21931,1034,18,0
1765199968.21931,1035,19,0
1765199968.21931,1036,20,0
1765199968.21931,1037,21,0
1765199968.21931,1038,22,0
1765199968.21931,1039,23,0
1765199968.21931,1040,24,0
1765199968.21931,1041,25,0
1765199968.21931,1042,26,0
1765199968.21931,1043,27,0
1765199968.21931,1044,28,0
1765199968.21931,1045,29,0
1765199968.21931,1047,30,0
1765199968.21931,1048,31,0
1765199968.21931,1050,32,0
1765199968.21931,1051,33,0
1765199968.21931,1052,34,0
1765199968.21931,1053,35,0
1765199968.21931,1054,36,0
1765199968.21931,1055,37,0
1765199968.21931,1056,38,0
1765199968.21931,1057,39,0
1765199968.21931,1059,40,0
1765199968.21931,1064,41,0
1765202013.9688094,1001,1,0
1765202013.9688094,1008,2,0
1765202013.9688094,1009,3,0
1765202013.9688094,1013,4,0
1765202013.9688094,1015,5,0
1765202013.9688094,1017,6,0
1765202013.9688094,1021,7,0
1765202013.9688094,1022,8,0
1765202013.9688094,1023,9,0
1765202013.9688094,1024,10,0
1765202013.9688094,1025,11,0
1765202013.9688094,1026,12,0
1765202013.9688094,1027,13,0
1765202013.9688094,1028,14,0
1765202013.9688094,1029,15,0
1765202013.9688094,1032,16,0
1765202013.9688094,1033,17,0
1765202013.9688094,1034,18,0
1765202013.9688094,1035,19,0
1765202013.9688094,1036,20,0
1765202013.9688094,1037,21,0
1765202013.9688094,1038,22,0
1765202013.9688094,1039,23,0
1765202013.9688094,1040,24,0
1765202013.9688094,1041,25,0
1765202013.9688094,1042,26,0
1765202013.9688094,1043,27,0
1765202013.9688094,1044,28,0
1765202013.9688094,1045,29,0
1765202013.9688094,1047,30,0
1765202013.9688094,1048,31,0
1765202013.9688094,1050,32,0
1765202013.9688094,1051,33,0
1765202013.9688094,1052,34,0
1765202013.9688094,1053,35,0
1765202013.9688094,1054,36,0
1765202013.9688094,1055,37,0
1765202013.9688094,1056,38,0
1765202013.9688094,1057,39,0
1765202013.9688094,1059,40,0
1765202013.9688094,1064,41,0
1765205419.8716097,1001,1,0
1765205419.8716097,1008,2,0
1765205419.8716097,1009,3,0
1765205419.8716097,1013,4,0
1765205419.8716097,1015,5,0
1765205419.8716097,1017,6,0
1765205419.8716097,1021,7,0
1765205419.8716097,1022,8,0
1765205419.8716097,1023,9,0
1765205419.8716097,1024,10,0
1765205419.8716097,1025,11,0
1765205419.8716097,1026,12,0
1765205419.8716097,1027,13,0
1765205419.8716097,1028,14,0
1765205419.8716097,1029,15,0
1765205419.8716097,1032,16,0
1765205419.8716097,1033,17,0
1765205419.8716097,1034,18,0
1765205419.8716097,1035,19,0
1765205419.8716097,1036,20,0
1765205419.8716097,1037,21,0
1765205419.8716097,1038,22,0
1765205419.8716097,1039,23,0
1765205419.8716097,1040,24,0
1765205419.8716097,1041,25,0
1765205419.8716097,1042,26,0
1765205419.8716097,1043,27,0
1765205419.8716097,1044,28,0
1765205419.8716097,1045,29,0
1765205419.8716097,1047,30,0
1765205419.8716097,1048,31,0
1765205419.8716097,1050,32,0
1765205419.8716097,1051,33,0
1765205419.8716097,1052,34,0
1765205419.8716097,1053,35,0
1765205419.8716097,1054,36,0
1765205419.8716097,1055,37,0
1765205419.8716097,1056,38,0
1765205419.8716097,1057,39,0
1765205419.8716097,1059,40,0
1765205419.8716097,1064,41,0
1765208953.752138,1001,1,0
1765208953.752138,1008,2,0
1765208953.752138,1009,3,0
1765208953.752138,1013,4,0
1765208953.752138,1015,5,0
1765208953.752138,1017,6,0
1765208953.752138,1021,7,0
1765208953.752138,1022,8,0
1765208953.752138,1023,9,0
1765208953.752138,1024,10,0
1765208953.752138,1025,11,0
1765208953.752138,1026,12,0
1765208953.752138,1027,13,0
1765208953.752138,1028,14,0
1765208953.752138,1029,15,0
1765208953.752138,1032,16,0
1765208953.752138,1033,17,0
1765208953.752138,1034,18,0
1765208953.752138,1035,19,0
1765208953.752138,1036,20,0
1765208953.752138,1037,21,0
1765208953.752138,1038,22,0
1765208953.752138,1039,23,0
1765208953.752138,1040,24,0
1765208953.752138,1041,25,0
1765208953.752138,1042,26,0
1765208953.752138,1043,27,0
1765208953.752138,1044,28,0
1765208953.752138,1045,29,0
1765208953.752138,1047,30,0
1765208953.752138,1048,31,0
1765208953.752138,1050,32,0
1765208953.752138,1051,33,0
1765208953.752138,1052,34,0
1765208953.752138,1053,35,0
1765208953.752138,1054,36,0
1765208953.752138,1055,37,0
1765208953.752138,1056,38,0
1765208953.752138,1057,39,0
1765208953.752138,1059,40,0
1765208953.752138,1064,41,0
1765212928.6145518,1001,1,0
1765212928.6145518,1008,2,0
1765212928.6145518,1009,3,0
1765212928.6145518,1013,4,0
1765212928.6145518,1015,5,0
1765212928.6145518,1017,6,0
1765212928.6145518,1021,7,0
1765212928.6145518,1022,8,0
1765212928.6145518,1023,9,0
1765212928.6145518,1024,10,0
1765212928.6145518,1025,11,0
1765212928.6145518,1026,12,0
1765212928.6145518,1027,13,0
1765212928.6145518,1028,14,0
1765212928.6145518,1029,15,0
1765212928.6145518,1032,16,0
1765212928.6145518,1033,17,0
1765212928.6145518,1034,18,0
1765212928.6145518,1035,19,0
1765212928.6145518,1036,20,0
1765212928.6145518,1037,21,0
1765212928.6145518,1038,22,0
1765212928.6145518,1039,23,0
1765212928.6145518,1040,24,0
1765212928.6145518,1041,25,0
1765212928.6145518,1042,26,0
1765212928.6145518,1043,27,0
1765212928.6145518,1044,28,0
1765212928.6145518,1045,29,0
1765212928.6145518,1047,30,0
1765212928.6145518,1048,31,0
1765212928.6145518,1050,32,0
1765212928.6145518,1051,33,0
1765212928.6145518,1052,34,0
1765212928.6145518,1053,35,0
1765212928.6145518,1054,36,0
1765212928.6145518,1055,37,0
1765212928.6145518,1056,38,0
1765212928.6145518,1057,39,0
1765212928.6145518,1059,40,0
1765212928.6145518,1064,41,0
1765215986.594695,1001,1,0
1765215986.594695,1008,2,0
1765215986.594695,1009,3,0
1765215986.594695,1013,4,0
1765215986.594695,1015,5,0
1765215986.594695,1017,6,0
1765215986.594695,1021,7,0
1765215986.594695,1022,8,0
1765215986.594695,1023,9,0
1765215986.594695,1024,10,0
1765215986.594695,1025,11,0
1765215986.594695,1026,12,0
1765215986.594695,1027,13,0
1765215986.594695,1028,14,0
1765215986.594695,1029,15,0
1765215986.594695,1032,16,0
1765215986.594695,1033,17,0
1765215986.594695,1034,18,0
1765215986.594695,1035,19,0
1765215986.594695,1036,20,0
1765215986.594695,1037,21,0
1765215986.594695,1038,22,0
1765215986.594695,1039,23,0
1765215986.594695,1040,24,0
1765215986.594695,1041,25,0
1765215986.594695,1042,26,0
1765215986.594695,1043,27,0
1765215986.594695,1044,28,0
1765215986.594695,1045,29,0
1765215986.594695,1047,30,0
1765215986.594695,1048,31,0
1765215986.594695,1050,32,0
1765215986.594695,1051,33,0
1765215986.594695,1052,34,0
1765215986.594695,1053,35,0
1765215986.594695,1054,36,0
1765215986.594695,1055,37,0
1765215986.594695,1056,38,0
1765215986.594695,1057,39,0
1765215986.594695,1059,40,0
1765215986.594695,1064,41,0
1765220031.4144373,1001,1,0
1765220031.4144373,1008,2,0
1765220031.4144373,1009,3,0
1765220031.4144373,1013,4,0
1765220031.4144373,1015,5,0
1765220031.4144373,1017,6,0
1765220031.4144373,1021,7,0
1765220031.4144373,1022,8,0
1765220031.4144373,1023,9,0
1765220031.4144373,1024,10,0
1765220031.4144373,1025,11,0
1765220031.4144373,1026,12,0
1765220031.4144373,1027,13,0
1765220031.4144373,1028,14,0
1765220031.4144373,1029,15,0
1765220031.4144373,1032,16,0
1765220031.4144373,1033,17,0
1765220031.4144373,1034,18,0
1765220031.4144373,1035,19,0
1765220031.4144373,1036,20,0
1765220031.4144373,1037,21,0
1765220031.4144373,1038,22,0
1765220031.4144373,1039,23,0
1765220031.4144373,1040,24,0
1765220031.4144373,1041,25,0
1765220031.4144373,1042,26,0
1765220031.4144373,1043,27,0
1765220031.4144373,1044,28,0
1765220031.4144373,1045,29,0
1765220031.4144373,1047,30,0
1765220031.4144373,1048,31,0
1765220031.4144373,1050,32,0
1765220031.4144373,1051,33,0
1765220031.4144373,1052,34,0
1765220031.4144373,1053,35,0
1765220031.4144373,1054,36,0
1765220031.4144373,1055,37,0
1765220031.4144373,1056,38,0
1765220031.4144373,1057,39,0
1765220031.4144373,1059,40,0
1765220031.4144373,1064,41,0
